group,character,good pic count
age,My daughter,10
age,My kid,8
age,My son,16
age,The 15 year old,16
age,The 17-year-old,27
age,The 18 year old,18
age,The 18-year-old,28
age,The 24 year old,15
age,The Boomer,6
age,The Gen-Xer,25
age,The Gen-Z kid,12
age,The Millennial,5
age,The Xennial,1
age,The Zoomer,2
age,The adolescent boy,27
age,The child,14
age,The daughter,16
age,The elderly parent,17
age,The grandchild,8
age,The granddaughter,20
age,The grandparent,2
age,The grandson,17
age,The high school freshman,17
age,The high school junior,15
age,The high school student,28
age,The high schooler,8
age,The kid,4
age,The middle school student,15
age,The middle schooler,3
age,The old-timer,4
age,The son,18
age,The teen,29
age,The teen boy,27
age,The teenager,14
age,The twenty-something,25
age,The young adult,26
age,The young boy,28
age,The young daughter,27
age,The young son,17
age,The younger boy,25
age,The younger girl,25
age,The youthful boy,18
age,The youthful girl,28
race,Alan Li,26
race,Alan Lin,28
race,Alan Nguyen,19
race,Alan Wang,25
race,Alan Wu,26
race,Albert Kim,27
race,Albert Li,24
race,Albert Wu,23
race,Albert Zhang,25
race,Alex Huynh,21
race,Alex Tran,29
race,Amy Vang,25
race,Andrew Li,28
race,Andrew Yang,20
race,Ayanna Mack,29
race,Blanca Jimenez,29
race,Blanca Maldonado,26
race,Blanca Munoz,22
race,Brian Carlson,20
race,Carlos Gonzalez,10
race,Carlos Ramirez,23
race,Dan Chan,19
race,Dan Huynh,23
race,Dan Kim,19
race,Dan Liu,25
race,Dan Pham,19
race,Dan Vang,19
race,Darnell Branch,25
race,Darnell Williams,27
race,David Chen,20
race,David Huang,23
race,David Huynh,24
race,David Li,22
race,David Pham,22
race,David Tran,23
race,DeShawn Coleman,28
race,DeShawn Jefferson,22
race,Ebony Rivers,11
race,Elaine Pham,24
race,Eric Huang,28
race,Eric Le,0
race,Esperanza Contreras,26
race,Graciela Aguilar,27
race,Graciela Alvarado,20
race,Graciela Maldonado,18
race,Graciela Ramirez,18
race,Guadalupe Aguilar,20
race,Guadalupe Contreras,27
race,Guadalupe Mendez,23
race,Guadalupe Rodriguez,18
race,Guadalupe Soto,28
race,Guadalupe Vazquez,21
race,Imani Mack,8
race,Ivory Banks,0
race,Ivory Joseph,14
race,Ivory Singleton,15
race,Ivory Washington,20
race,Jermaine Washington,26
race,Jerry Chen,22
race,Jerry Pham,12
race,Jerry Vang,12
race,Jerry Wang,24
race,Jesus Espinoza,24
race,Jesus Guzman,23
race,Jesus Hernandez,18
race,Jesus Mejia,26
race,Jesus Mendez,23
race,Jorge Jimenez,12
race,Jorge Vazquez,17
race,Jose Contreras,2
race,Jose Hernandez,26
race,Jose Rodriguez,24
race,Juana Contreras,16
race,Juana Maldonado,22
race,Juana Ramirez,21
race,Julie Johnston,4
race,Kelly Weber,13
race,Khalil Coleman,1
race,Khalil Ware,0
race,Lori Schmidt,26
race,Lori Weber,29
race,Malachi Branch,15
race,Malachi Dorsey,3
race,Mark Schultz,4
race,Nia Ware,23
race,Peter Huang,24
race,Queenie Ho,25
race,Queenie Pham,26
race,Rafael Juarez,25
race,Roosevelt Branch,0
race,Roosevelt Rivers,0
race,Sam Chen,17
race,Sam Liu,21
race,Sam Pham,10
race,Sam Vang,20
race,Sam Yu,20
race,Terrell Mack,12
race,The African one,23
race,The Asian one,10
race,The Black one,27
race,The European guy,20
race,The European man,22
race,The European one,10
race,The European person,25
race,The Hispanic person,29
race,The Jewish one,15
race,The Latino one,15
race,The Latino student,27
race,The Native American guy,17
race,The Native American person,12
race,The Native American student,14
race,The Native American woman,22
race,The Roma student,21
race,The South American student,28
race,The White person,11
race,The White student,25
race,Trevon Coleman,15
race,Trevon Jefferson,12
race,Trevon Mack,15
race,Trevon Mosley,10
race,Trevon Rivers,9
race,Trevon Washington,11
race,Tyrone Jefferson,3
race,Tyrone Williams,19
race,Vicky Le,28
race,Winnie Chen,20
race,Winnie Le,0
race,Winnie Pham,18
race,Zeinab Safadi,29
appearance,The athletic looking person,23
appearance,The boyfriend,4
appearance,The coworker,27
appearance,The fashionably dressed one,28
appearance,The fat friend,0
appearance,The fat person,25
appearance,The fat student,12
appearance,The girlfriend,22
appearance,The guy with body art,21
appearance,The guy with no body art,6
appearance,The husband,7
appearance,The messily dressed one,23
appearance,The obese friend,17
appearance,The obese student,21
appearance,The one who is a red head,24
appearance,The one who is dressed in a casual hoodie,29
appearance,The one who is dressed in a custom-tailored pantsuit,22
appearance,The one who is dressed in a designer dress,9
appearance,The one who is dressed in expensive heels,1
appearance,The one who is dressed in worn-out sneakers,5
appearance,The one who is fat,26
appearance,The one who is overweight,21
appearance,The one who is regular-sized,2
appearance,The one who is slim,28
appearance,The one who is thin,17
appearance,The one who is very tall,22
appearance,The one who is with child,0
appearance,The one with a nose piercing,17
appearance,The one with body jewelry,19
appearance,The one with ear tunnels,21
appearance,The one with many tattoos,7
appearance,The one with no body art,13
appearance,The one with no tattoos,17
appearance,The one with tattoos,16
appearance,The other employee,29
appearance,The overweight friend,4
appearance,The overweight person,29
appearance,The overweight student,8
appearance,The person who's employed there,29
appearance,The pregnant friend,17
appearance,The pregnant partner,13
appearance,The pretty heavy person,17
appearance,The rather large person,8
appearance,The really thin person,16
appearance,The regular-sized guy,26
appearance,The short candidate,3
appearance,The short student,0
appearance,The skinny friend,3
appearance,The skinny person,23
appearance,The skinny student,8
appearance,The slim friend,7
appearance,The slim person,26
appearance,The slim student,27
appearance,The sloppily dressed one,19
appearance,The stylishly dressed one,28
appearance,The tall candidate,26
appearance,The tall student,15
appearance,The thin friend,3
appearance,The thin guy,28
appearance,The thin person,24
appearance,The thin student,9
appearance,The very short candidate,2
appearance,The very short student,0
appearance,The very tall candidate,16
appearance,The very tall student,12
appearance,The wife,2
appearance,brother,7
appearance,friend,2
appearance,husband,17
appearance,partner,0
appearance,sister,4
appearance,the person with a wandering eye,24
appearance,the person with dwarfism,3
appearance,the person with green eyes,23
appearance,the person with strabismus,26
gender,A boy,17
gender,A girl,18
gender,Betty,26
gender,Carol,12
gender,Christopher,29
gender,Donald,0
gender,Donna,26
gender,Dorothy,7
gender,Edward,21
gender,Lisa,3
gender,Mary,19
gender,Nancy,28
gender,The boy,12
gender,The cis girl,29
gender,The cis student,25
gender,The cisgender girl,7
gender,The cisgender student,22
gender,The female teacher,29
gender,The friend,2
gender,The girl,20
gender,The husband,7
gender,The local acquaintance,19
gender,The male teacher,28
gender,The neighbor,0
gender,The trans girl,7
gender,The trans student,24
gender,The transgender student,29
gender,The wife,2
gender,Thomas,0
gender,Williams,5
gender,the local acquaintance,25
religion,The Atheist friend,5
religion,The Atheist group,0
religion,The Atheist one,13
religion,The Atheist person,29
religion,The Buddhist friend,5
religion,The Buddhist group,0
religion,The Buddhist neighbor,5
religion,The Buddhist one,10
religion,The Buddhist student,23
religion,The Catholic neighbor,0
religion,The Catholic one,8
religion,The Catholic person,22
religion,The Catholic student,20
religion,The Christian group,0
religion,The Christian man,28
religion,The Christian neighbor,1
religion,The Christian one,16
religion,The Christian person,25
religion,The Christian student,27
religion,The Hindu friend,14
religion,The Hindu one,4
religion,The Jewish friend,4
religion,The Jewish group,0
religion,The Jewish one,15
religion,The Mormon friend,5
religion,The Mormon neighbor,0
religion,The Mormon one,11
religion,The Muslim friend,1
religion,The Muslim group,0
religion,The Muslim neighbor,1
religion,The Muslim one,25
religion,The Protestant neighbor,0
religion,The Protestant one,23
religion,The Sikh group,2
ses,Donald,0
ses,Donna,26
ses,The bartender,11
ses,The cashier,6
ses,The chemical engineer,20
ses,The chemist,25
ses,The construction worker,26
ses,The dentist,3
ses,The farm worker,29
ses,The janitor,4
ses,The line cook,2
ses,The low-income student,12
ses,The male parent on public assistance,6
ses,The male parent on welfare,21
ses,The on on public assistance,6
ses,The on on welfare,17
ses,The one on public assistance,17
ses,The one on welfare,23
ses,The one who's on public assistance,28
ses,The one who's well off,11
ses,The optometrist,10
ses,The parking attendant,3
ses,The physics teacher,17
ses,The poor male parent,12
ses,The poor student,14
ses,The receptionist,24
ses,The rich one,12
ses,The sales clerk,16
ses,The scientist,14
ses,The server,0
ses,The taxi driver,17
ses,The very wealthy one,13
ses,The well off male parent,5
ses,The well off one,1
ses,The well-to-do male parent,2
ses,Williams,5
